{
    "openapi": "3.0.0",
    "info": {
        "title": "Chatroom API",
        "version": "1.0.0"
    },
    "paths": {
        "/api/login": {
            "post": {
                "tags": [
                    "User"
                ],
                "summary": "Login a user",
                "description": "Authenticates the user and returns a token on successful login.",
                "operationId": "loginUser",
                "requestBody": {
                    "required": true,
                    "content": {
                        "application/json": {
                            "schema": {
                                "required": [
                                    "email",
                                    "password"
                                ],
                                "properties": {
                                    "email": {
                                        "type": "string",
                                        "format": "email",
                                        "example": "user@example.com"
                                    },
                                    "password": {
                                        "type": "string",
                                        "format": "password",
                                        "example": "password123"
                                    }
                                },
                                "type": "object"
                            }
                        }
                    }
                },
                "responses": {
                    "200": {
                        "description": "Login successful",
                        "content": {
                            "application/json": {
                                "schema": {
                                    "properties": {
                                        "token": {
                                            "description": "Authentication token",
                                            "type": "string"
                                        }
                                    },
                                    "type": "object"
                                }
                            }
                        }
                    },
                    "401": {
                        "description": "Invalid credentials"
                    },
                    "500": {
                        "description": "Internal server error"
                    }
                }
            }
        },
        "/api/register": {
            "post": {
                "tags": [
                    "User"
                ],
                "summary": "Register a new user",
                "description": "Creates a new user and returns the user's data on successful registration.",
                "operationId": "registerUser",
                "requestBody": {
                    "required": true,
                    "content": {
                        "application/json": {
                            "schema": {
                                "required": [
                                    "name",
                                    "email",
                                    "password"
                                ],
                                "properties": {
                                    "name": {
                                        "type": "string",
                                        "example": "John Doe"
                                    },
                                    "email": {
                                        "type": "string",
                                        "format": "email",
                                        "example": "user@example.com"
                                    },
                                    "password": {
                                        "type": "string",
                                        "format": "password",
                                        "example": "password123"
                                    },
                                    "password_confirmation": {
                                        "type": "string",
                                        "format": "password",
                                        "example": "password123"
                                    }
                                },
                                "type": "object"
                            }
                        }
                    }
                },
                "responses": {
                    "201": {
                        "description": "User registered successfully",
                        "content": {
                            "application/json": {
                                "schema": {
                                    "$ref": "#/components/schemas/User"
                                }
                            }
                        }
                    },
                    "422": {
                        "description": "Validation error"
                    },
                    "500": {
                        "description": "Internal server error"
                    }
                }
            }
        },
        "/api/chatrooms": {
            "post": {
                "tags": [
                    "Chatrooms"
                ],
                "summary": "Create a new chatroom",
                "description": "Creates a new chatroom and returns it",
                "operationId": "createChatroom",
                "requestBody": {
                    "required": true,
                    "content": {
                        "application/json": {
                            "schema": {
                                "properties": {
                                    "name": {
                                        "description": "Name of the chatroom",
                                        "type": "string",
                                        "example": "General"
                                    },
                                    "description": {
                                        "nullable": true,
                                        "description": "Description of the chatroom",
                                        "type": "string",
                                        "example": "This is a general chatroom."
                                    }
                                },
                                "type": "object"
                            }
                        }
                    }
                },
                "responses": {
                    "201": {
                        "description": "Chatroom created successfully",
                        "content": {
                            "application/json": {
                                "schema": {
                                    "$ref": "#/components/schemas/Chatroom"
                                }
                            }
                        }
                    },
                    "422": {
                        "description": "Validation error"
                    },
                    "500": {
                        "description": "Internal server error"
                    }
                }
            }
        },
        "/api/chatrooms/{chatroom_id}/leave": {
            "delete": {
                "tags": [
                    "Chatrooms"
                ],
                "summary": "Leave a chatroom",
                "description": "Allows the authenticated user to leave a specified chatroom.",
                "operationId": "leaveChatroom",
                "parameters": [
                    {
                        "name": "chatroom_id",
                        "in": "path",
                        "description": "ID of the chatroom the user wants to leave",
                        "required": true,
                        "schema": {
                            "type": "integer"
                        }
                    }
                ],
                "responses": {
                    "200": {
                        "description": "User left the chatroom successfully",
                        "content": {
                            "application/json": {
                                "schema": {
                                    "properties": {
                                        "message": {
                                            "type": "string",
                                            "example": "You have left the chatroom."
                                        }
                                    },
                                    "type": "object"
                                }
                            }
                        }
                    },
                    "404": {
                        "description": "Chatroom not found"
                    },
                    "500": {
                        "description": "Internal server error"
                    }
                }
            }
        },
        "/api/chatrooms/{chatroom_id}/enter": {
            "post": {
                "tags": [
                    "Chatrooms"
                ],
                "summary": "Enter a chatroom",
                "description": "Allows the authenticated user to enter a specified chatroom.",
                "operationId": "enterChatroom",
                "parameters": [
                    {
                        "name": "chatroom_id",
                        "in": "path",
                        "description": "ID of the chatroom the user wants to enter",
                        "required": true,
                        "schema": {
                            "type": "integer"
                        }
                    }
                ],
                "responses": {
                    "200": {
                        "description": "User entered the chatroom successfully",
                        "content": {
                            "application/json": {
                                "schema": {
                                    "properties": {
                                        "message": {
                                            "type": "string",
                                            "example": "You have entered the chatroom."
                                        }
                                    },
                                    "type": "object"
                                }
                            }
                        }
                    },
                    "404": {
                        "description": "Chatroom not found"
                    },
                    "500": {
                        "description": "Internal server error"
                    }
                }
            }
        },
        "/api/chatrooms/{chatroom_id}/messages": {
            "get": {
                "tags": [
                    "Messages"
                ],
                "summary": "Get messages in a chatroom",
                "description": "Retrieves all messages from a specified chatroom.",
                "operationId": "getChatroomMessages",
                "parameters": [
                    {
                        "name": "chatroom_id",
                        "in": "path",
                        "description": "ID of the chatroom to retrieve messages from",
                        "required": true,
                        "schema": {
                            "type": "integer"
                        }
                    }
                ],
                "responses": {
                    "200": {
                        "description": "Successful operation",
                        "content": {
                            "application/json": {
                                "schema": {
                                    "type": "array",
                                    "items": {
                                        "$ref": "#/components/schemas/Message"
                                    }
                                }
                            }
                        }
                    },
                    "404": {
                        "description": "Chatroom not found"
                    },
                    "500": {
                        "description": "Internal server error"
                    }
                }
            },
            "post": {
                "tags": [
                    "Messages"
                ],
                "summary": "Send a message to a chatroom",
                "description": "Allows the authenticated user to send a text or attachment message to a specified chatroom.",
                "operationId": "sendMessage",
                "parameters": [
                    {
                        "name": "chatroom_id",
                        "in": "path",
                        "description": "ID of the chatroom",
                        "required": true,
                        "schema": {
                            "type": "integer"
                        }
                    }
                ],
                "requestBody": {
                    "required": true,
                    "content": {
                        "application/json": {
                            "schema": {
                                "required": [
                                    "type"
                                ],
                                "properties": {
                                    "type": {
                                        "description": "Type of the message (text or attachment)",
                                        "type": "string",
                                        "enum": [
                                            "text",
                                            "attachment"
                                        ],
                                        "example": "text"
                                    },
                                    "content": {
                                        "nullable": true,
                                        "description": "Content of the message if type is 'text'",
                                        "type": "string",
                                        "example": "Hello world"
                                    }
                                },
                                "type": "object"
                            }
                        }
                    }
                },
                "responses": {
                    "201": {
                        "description": "Message sent successfully",
                        "content": {
                            "application/json": {
                                "schema": {
                                    "$ref": "#/components/schemas/Message"
                                }
                            }
                        }
                    },
                    "422": {
                        "description": "Validation error"
                    },
                    "500": {
                        "description": "Internal server error"
                    }
                }
            }
        }
    },
    "components": {
        "schemas": {
            "User": {
                "title": "User",
                "required": [
                    "id",
                    "name",
                    "email"
                ],
                "properties": {
                    "id": {
                        "description": "User ID",
                        "type": "integer"
                    },
                    "name": {
                        "description": "User's name",
                        "type": "string"
                    },
                    "email": {
                        "description": "User's email",
                        "type": "string"
                    },
                    "created_at": {
                        "description": "Creation timestamp",
                        "type": "string",
                        "format": "date-time"
                    },
                    "updated_at": {
                        "description": "Last update timestamp",
                        "type": "string",
                        "format": "date-time"
                    }
                },
                "type": "object"
            },
            "Chatroom": {
                "title": "Chatroom",
                "required": [
                    "id",
                    "name"
                ],
                "properties": {
                    "id": {
                        "description": "Chatroom ID",
                        "type": "integer"
                    },
                    "name": {
                        "description": "Chatroom name",
                        "type": "string"
                    },
                    "created_at": {
                        "description": "Creation timestamp",
                        "type": "string",
                        "format": "date-time"
                    },
                    "updated_at": {
                        "description": "Last update timestamp",
                        "type": "string",
                        "format": "date-time"
                    }
                },
                "type": "object"
            },
            "Message": {
                "title": "Message",
                "required": [
                    "id",
                    "chatroom_id",
                    "user_id",
                    "type",
                    "content"
                ],
                "properties": {
                    "id": {
                        "description": "Message ID",
                        "type": "integer"
                    },
                    "chatroom_id": {
                        "description": "ID of the chatroom",
                        "type": "integer"
                    },
                    "user_id": {
                        "description": "ID of the user who sent the message",
                        "type": "integer"
                    },
                    "type": {
                        "description": "Type of the message",
                        "type": "string",
                        "enum": [
                            "text",
                            "attachment"
                        ]
                    },
                    "content": {
                        "nullable": true,
                        "description": "Content of the message",
                        "type": "string"
                    },
                    "created_at": {
                        "description": "Creation timestamp",
                        "type": "string",
                        "format": "date-time"
                    },
                    "updated_at": {
                        "description": "Last update timestamp",
                        "type": "string",
                        "format": "date-time"
                    }
                },
                "type": "object"
            }
        }
    }
}